--------------------------------------------------------
-- Archivo creado  - miércoles-marzo-04-2020   
--------------------------------------------------------
--------------------------------------------------------
--  DDL for Table AC_Actas
--------------------------------------------------------

  CREATE TABLE "AC_Actas" 
   (	"ID" NUMBER(10,0) GENERATED BY DEFAULT ON NULL AS IDENTITY MINVALUE 1 MAXVALUE 9999999999999999999999999999 INCREMENT BY 1 START WITH 1 CACHE 20 NOORDER  NOCYCLE  NOKEEP  NOSCALE , 
	"qn_tipoActa" NUMBER(10,0), 
	"txt_codigoActa" NVARCHAR2(2000), 
	"dt_fechaActa" TIMESTAMP (7), 
	"txt_archivoActa" NVARCHAR2(2000), 
	"dt_fechaUltimoCambio" TIMESTAMP (7), 
	"contratoID" NUMBER(10,0)
   ) ;
--------------------------------------------------------
--  DDL for Table AC_Contratos
--------------------------------------------------------

  CREATE TABLE "AC_Contratos" 
   (	"ID" NUMBER(10,0) GENERATED BY DEFAULT ON NULL AS IDENTITY MINVALUE 1 MAXVALUE 9999999999999999999999999999 INCREMENT BY 1 START WITH 1 CACHE 20 NOORDER  NOCYCLE  NOKEEP  NOSCALE , 
	"txt_codigoContrato" NVARCHAR2(2000), 
	"qn_tipoContrato" NUMBER(10,0) DEFAULT 0, 
	"txt_numProceso" NVARCHAR2(2000), 
	"qn_tipoProceso" NUMBER(10,0) DEFAULT 0, 
	"qn_vigenciaContrato" NUMBER(10,0), 
	"dt_fechaSuscripcion" TIMESTAMP (7), 
	"dt_fechaInicio" TIMESTAMP (7), 
	"dt_fechaFin" TIMESTAMP (7), 
	"vm_montoAdjudicado" BINARY_DOUBLE, 
	"bol_recurrencia" NUMBER(1,0) DEFAULT 0, 
	"txt_objetoContratacion" NVARCHAR2(2000), 
	"qn_unidadConsolidadora" NUMBER(10,0) DEFAULT 0, 
	"txt_nombreDelegado" NVARCHAR2(2000), 
	"userID" NUMBER(10,0), 
	"txt_nombreTecnicoExterno" NVARCHAR2(2000), 
	"txt_detalleFormaPago" NVARCHAR2(2000), 
	"txt_detalleGarantias" NVARCHAR2(2000), 
	"txt_archivoContrato" NVARCHAR2(2000), 
	"qn_estadoContrato" NUMBER(10,0) DEFAULT 0, 
	"qn_estadoTransferencia" NUMBER(10,0) DEFAULT 0, 
	"txt_codigoTransferencia" NVARCHAR2(2000), 
	"dt_fechaUltimoCambio" TIMESTAMP (7), 
	"txt_nombreProveedor" NVARCHAR2(2000), 
	"txt_rucProveedor" NVARCHAR2(2000)
   ) ;
--------------------------------------------------------
--  DDL for Table AC_Entregables
--------------------------------------------------------

  CREATE TABLE "AC_Entregables" 
   (	"ID" NUMBER(10,0) GENERATED BY DEFAULT ON NULL AS IDENTITY MINVALUE 1 MAXVALUE 9999999999999999999999999999 INCREMENT BY 1 START WITH 1 CACHE 20 NOORDER  NOCYCLE  NOKEEP  NOSCALE , 
	"qn_tipoEntregable" NUMBER(10,0), 
	"qn_cantidadEntregable" NUMBER(10,0), 
	"dt_fechaEntregable" TIMESTAMP (7), 
	"txt_archivoEntregable" NVARCHAR2(2000), 
	"txt_descripcionEntregable" NVARCHAR2(2000), 
	"dt_fechaUltimoCambio" TIMESTAMP (7), 
	"contratoID" NUMBER(10,0)
   ) ;
--------------------------------------------------------
--  DDL for Table AC_FechaModificado
--------------------------------------------------------

  CREATE TABLE "AC_FechaModificado" 
   (	"ID" NUMBER(10,0) GENERATED BY DEFAULT ON NULL AS IDENTITY MINVALUE 1 MAXVALUE 9999999999999999999999999999 INCREMENT BY 1 START WITH 1 CACHE 20 NOORDER  NOCYCLE  NOKEEP  NOSCALE , 
	"dt_fechaAnterior" TIMESTAMP (7), 
	"dt_fechaActual" TIMESTAMP (7), 
	"modificacionID" NUMBER(10,0)
   ) ;
--------------------------------------------------------
--  DDL for Table AC_FormaPago
--------------------------------------------------------

  CREATE TABLE "AC_FormaPago" 
   (	"ID" NUMBER(10,0) GENERATED BY DEFAULT ON NULL AS IDENTITY MINVALUE 1 MAXVALUE 9999999999999999999999999999 INCREMENT BY 1 START WITH 1 CACHE 20 NOORDER  NOCYCLE  NOKEEP  NOSCALE , 
	"qn_tipoPago" NUMBER(10,0), 
	"dt_fechaUltimoCambio" TIMESTAMP (7), 
	"contratoID" NUMBER(10,0)
   ) ;
--------------------------------------------------------
--  DDL for Table AC_Garantias
--------------------------------------------------------

  CREATE TABLE "AC_Garantias" 
   (	"ID" NUMBER(10,0) GENERATED BY DEFAULT ON NULL AS IDENTITY MINVALUE 1 MAXVALUE 9999999999999999999999999999 INCREMENT BY 1 START WITH 1 CACHE 20 NOORDER  NOCYCLE  NOKEEP  NOSCALE , 
	"qn_tipoGarantia" NUMBER(10,0), 
	"vm_valorGarantia" BINARY_DOUBLE, 
	"txt_codigoGarantia" NVARCHAR2(2000), 
	"txt_proveedorGarantia" NVARCHAR2(2000), 
	"dt_inicioGarantia" TIMESTAMP (7), 
	"dt_finGarantia" TIMESTAMP (7), 
	"txt_archivoGarantia" NVARCHAR2(2000), 
	"dt_fechaUltimoCambio" TIMESTAMP (7), 
	"contratoID" NUMBER(10,0)
   ) ;
--------------------------------------------------------
--  DDL for Table AC_Historial
--------------------------------------------------------

  CREATE TABLE "AC_Historial" 
   (	"ID" NUMBER(10,0) GENERATED BY DEFAULT ON NULL AS IDENTITY MINVALUE 1 MAXVALUE 9999999999999999999999999999 INCREMENT BY 1 START WITH 1 CACHE 20 NOORDER  NOCYCLE  NOKEEP  NOSCALE , 
	"txt_seccionHistorial" NVARCHAR2(2000), 
	"txt_accionHistorial" NVARCHAR2(2000), 
	"dt_fechaUltimoCambio" TIMESTAMP (7), 
	"contratoID" NUMBER(10,0)
   ) ;
--------------------------------------------------------
--  DDL for Table AC_Informes
--------------------------------------------------------

  CREATE TABLE "AC_Informes" 
   (	"ID" NUMBER(10,0) GENERATED BY DEFAULT ON NULL AS IDENTITY MINVALUE 1 MAXVALUE 9999999999999999999999999999 INCREMENT BY 1 START WITH 1 CACHE 20 NOORDER  NOCYCLE  NOKEEP  NOSCALE , 
	"qn_tipoInforme" NUMBER(10,0), 
	"txt_codigoInforme" NVARCHAR2(2000), 
	"dt_fechaInforme" TIMESTAMP (7), 
	"txt_archivoInforme" NVARCHAR2(2000), 
	"dt_fechaUltimoCambio" TIMESTAMP (7), 
	"contratoID" NUMBER(10,0)
   ) ;
--------------------------------------------------------
--  DDL for Table AC_Modificaciones
--------------------------------------------------------

  CREATE TABLE "AC_Modificaciones" 
   (	"ID" NUMBER(10,0) GENERATED BY DEFAULT ON NULL AS IDENTITY MINVALUE 1 MAXVALUE 9999999999999999999999999999 INCREMENT BY 1 START WITH 1 CACHE 20 NOORDER  NOCYCLE  NOKEEP  NOSCALE , 
	"qn_tipoModificacion" NUMBER(10,0), 
	"txt_motivoModificacion" NVARCHAR2(2000), 
	"dt_fechaUltimoCambio" TIMESTAMP (7), 
	"contratoID" NUMBER(10,0)
   ) ;
--------------------------------------------------------
--  DDL for Table AC_Multas
--------------------------------------------------------

  CREATE TABLE "AC_Multas" 
   (	"ID" NUMBER(10,0) GENERATED BY DEFAULT ON NULL AS IDENTITY MINVALUE 1 MAXVALUE 9999999999999999999999999999 INCREMENT BY 1 START WITH 1 CACHE 20 NOORDER  NOCYCLE  NOKEEP  NOSCALE , 
	"qn_tipoMulta" NUMBER(10,0), 
	"vm_montoMulta" BINARY_DOUBLE, 
	"txt_motivoMulta" NVARCHAR2(2000), 
	"dt_fechaMulta" TIMESTAMP (7), 
	"dt_fechaUltimoCambio" TIMESTAMP (7), 
	"txt_codigoInforme" NVARCHAR2(2000), 
	"contratoID" NUMBER(10,0)
   ) ;
--------------------------------------------------------
--  DDL for Table AC_Pagos
--------------------------------------------------------

  CREATE TABLE "AC_Pagos" 
   (	"ID" NUMBER(10,0) GENERATED BY DEFAULT ON NULL AS IDENTITY MINVALUE 1 MAXVALUE 9999999999999999999999999999 INCREMENT BY 1 START WITH 1 CACHE 20 NOORDER  NOCYCLE  NOKEEP  NOSCALE , 
	"qn_porcentajePago" BINARY_FLOAT, 
	"bol_esAnticipo" NUMBER(1,0), 
	"vm_montoPago" BINARY_DOUBLE, 
	"dt_tentativaPago" TIMESTAMP (7), 
	"dt_realPago" TIMESTAMP (7), 
	"txt_comprobantePago" NVARCHAR2(2000), 
	"dt_fechaUltimoCambio" TIMESTAMP (7), 
	"formaPagoID" NUMBER(10,0)
   ) ;
--------------------------------------------------------
--  DDL for Table AC_Rols
--------------------------------------------------------

  CREATE TABLE "AC_Rols" 
   (	"ID" NUMBER(10,0) GENERATED BY DEFAULT ON NULL AS IDENTITY MINVALUE 1 MAXVALUE 9999999999999999999999999999 INCREMENT BY 1 START WITH 1 CACHE 20 NOORDER  NOCYCLE  NOKEEP  NOSCALE , 
	"txt_rolName" NVARCHAR2(2000), 
	"txt_rolDetaile" NVARCHAR2(2000)
   ) ;
--------------------------------------------------------
--  DDL for Table AC_Secciones
--------------------------------------------------------

  CREATE TABLE "AC_Secciones" 
   (	"seccionID" NUMBER(10,0) GENERATED BY DEFAULT ON NULL AS IDENTITY MINVALUE 1 MAXVALUE 9999999999999999999999999999 INCREMENT BY 1 START WITH 1 CACHE 20 NOORDER  NOCYCLE  NOKEEP  NOSCALE , 
	"txt_nombreSeccion" NVARCHAR2(2000), 
	"txt_detalleSeccion" NVARCHAR2(2000), 
	"bol_estadoSeccion" NUMBER(1,0)
   ) ;
--------------------------------------------------------
--  DDL for Table AC_Solicitudes
--------------------------------------------------------

  CREATE TABLE "AC_Solicitudes" 
   (	"ID" NUMBER(10,0) GENERATED BY DEFAULT ON NULL AS IDENTITY MINVALUE 1 MAXVALUE 9999999999999999999999999999 INCREMENT BY 1 START WITH 1 CACHE 20 NOORDER  NOCYCLE  NOKEEP  NOSCALE , 
	"txt_codigoSolicitud" NVARCHAR2(2000), 
	"qn_cantContratos" NUMBER(10,0), 
	"txt_motivoSolicitud" NVARCHAR2(2000), 
	"txt_admRecomendado" NVARCHAR2(2000), 
	"qn_estadoSolicitud" NUMBER(10,0), 
	"dt_fechaUltimoCambio" TIMESTAMP (7), 
	"userID" NUMBER(10,0)
   ) ;
--------------------------------------------------------
--  DDL for Table AC_Tipos
--------------------------------------------------------

  CREATE TABLE "AC_Tipos" 
   (	"tipoID" NUMBER(10,0) GENERATED BY DEFAULT ON NULL AS IDENTITY MINVALUE 1 MAXVALUE 9999999999999999999999999999 INCREMENT BY 1 START WITH 1 CACHE 20 NOORDER  NOCYCLE  NOKEEP  NOSCALE , 
	"txt_nombreTipo" NVARCHAR2(2000), 
	"txt_detalleTipo" NVARCHAR2(2000), 
	"seccionID" NUMBER(10,0)
   ) ;
--------------------------------------------------------
--  DDL for Table AC_UserRol
--------------------------------------------------------

  CREATE TABLE "AC_UserRol" 
   (	"userID" NUMBER(10,0), 
	"rolID" NUMBER(10,0)
   ) ;
--------------------------------------------------------
--  DDL for Table AC_Users
--------------------------------------------------------

  CREATE TABLE "AC_Users" 
   (	"ID" NUMBER(10,0) GENERATED BY DEFAULT ON NULL AS IDENTITY MINVALUE 1 MAXVALUE 9999999999999999999999999999 INCREMENT BY 1 START WITH 1 CACHE 20 NOORDER  NOCYCLE  NOKEEP  NOSCALE , 
	"txt_username" NVARCHAR2(2000), 
	"txt_apellido" NVARCHAR2(2000), 
	"txt_nombre" NVARCHAR2(2000)
   ) ;
--------------------------------------------------------
--  DDL for Table AC_ValorModificado
--------------------------------------------------------

  CREATE TABLE "AC_ValorModificado" 
   (	"ID" NUMBER(10,0) GENERATED BY DEFAULT ON NULL AS IDENTITY MINVALUE 1 MAXVALUE 9999999999999999999999999999 INCREMENT BY 1 START WITH 1 CACHE 20 NOORDER  NOCYCLE  NOKEEP  NOSCALE , 
	"vm_valorAnterior" BINARY_DOUBLE, 
	"vm_valorActual" BINARY_DOUBLE, 
	"modificacionID" NUMBER(10,0)
   ) ;
--------------------------------------------------------
--  DDL for Table AC_Vencimientos
--------------------------------------------------------

  CREATE TABLE "AC_Vencimientos" 
   (	"ID" NUMBER(10,0) GENERATED BY DEFAULT ON NULL AS IDENTITY MINVALUE 1 MAXVALUE 9999999999999999999999999999 INCREMENT BY 1 START WITH 1 CACHE 20 NOORDER  NOCYCLE  NOKEEP  NOSCALE , 
	"txt_nombreSeccion" NVARCHAR2(2000), 
	"txt_nombreTipo" NVARCHAR2(2000), 
	"dt_fechaVencimiento" TIMESTAMP (7), 
	"qn_diasAnticipacion" NUMBER(10,0), 
	"qn_frecuenciaAnticipacion" NUMBER(10,0), 
	"dt_fechaUltimoCambio" TIMESTAMP (7), 
	"contratoID" NUMBER(10,0)
   ) ;
REM INSERTING into "AC_Actas"
SET DEFINE OFF;
Insert into "AC_Actas" (ID,"qn_tipoActa","txt_codigoActa","dt_fechaActa","txt_archivoActa","dt_fechaUltimoCambio","contratoID") values ('1','46','ACTA2020',to_timestamp('19/02/20 00:00:00,000000000','DD/MM/RR HH24:MI:SSXFF'),'C:/fakepath/licencia.pdf',to_timestamp('18/02/20 00:00:00,000000000','DD/MM/RR HH24:MI:SSXFF'),'2');
Insert into "AC_Actas" (ID,"qn_tipoActa","txt_codigoActa","dt_fechaActa","txt_archivoActa","dt_fechaUltimoCambio","contratoID") values ('2','46','DFRT56',to_timestamp('18/02/20 18:20:09,065000000','DD/MM/RR HH24:MI:SSXFF'),'c:/nose/dondeesta',to_timestamp('18/02/20 18:17:22,383000000','DD/MM/RR HH24:MI:SSXFF'),'3');
Insert into "AC_Actas" (ID,"qn_tipoActa","txt_codigoActa","dt_fechaActa","txt_archivoActa","dt_fechaUltimoCambio","contratoID") values ('3','46','GH456',to_timestamp('01/02/20 18:20:18,218000000','DD/MM/RR HH24:MI:SSXFF'),'c:/nose/dondeesta',to_timestamp('20/02/20 18:17:29,750000000','DD/MM/RR HH24:MI:SSXFF'),'3');
Insert into "AC_Actas" (ID,"qn_tipoActa","txt_codigoActa","dt_fechaActa","txt_archivoActa","dt_fechaUltimoCambio","contratoID") values ('4','46','SDE23',to_timestamp('29/02/20 18:20:23,935000000','DD/MM/RR HH24:MI:SSXFF'),'c:/nose/dondeesta',to_timestamp('29/02/20 18:17:40,375000000','DD/MM/RR HH24:MI:SSXFF'),'3');
Insert into "AC_Actas" (ID,"qn_tipoActa","txt_codigoActa","dt_fechaActa","txt_archivoActa","dt_fechaUltimoCambio","contratoID") values ('5','47','GGGGGG',to_timestamp('21/02/20 00:00:00,000000000','DD/MM/RR HH24:MI:SSXFF'),'C:/fakepath/licencia.pdf',to_timestamp('19/02/20 00:00:00,000000000','DD/MM/RR HH24:MI:SSXFF'),'2');
Insert into "AC_Actas" (ID,"qn_tipoActa","txt_codigoActa","dt_fechaActa","txt_archivoActa","dt_fechaUltimoCambio","contratoID") values ('6','46','ACTA2019',to_timestamp('20/02/20 00:00:00,000000000','DD/MM/RR HH24:MI:SSXFF'),'C:/fakepath/PagoPapa 20-10-2017.pdf',to_timestamp('19/02/20 00:00:00,000000000','DD/MM/RR HH24:MI:SSXFF'),'2');
Insert into "AC_Actas" (ID,"qn_tipoActa","txt_codigoActa","dt_fechaActa","txt_archivoActa","dt_fechaUltimoCambio","contratoID") values ('7','47','TUYU',to_timestamp('14/02/20 00:00:00,000000000','DD/MM/RR HH24:MI:SSXFF'),'C:/fakepath/PagoPapa 20-10-2017.pdf',to_timestamp('19/02/20 00:00:00,000000000','DD/MM/RR HH24:MI:SSXFF'),'2');
Insert into "AC_Actas" (ID,"qn_tipoActa","txt_codigoActa","dt_fechaActa","txt_archivoActa","dt_fechaUltimoCambio","contratoID") values ('21','46','ACTA2020',to_timestamp('04/03/20 00:00:00,000000000','DD/MM/RR HH24:MI:SSXFF'),'C:/fakepath/Y3S8Q6R8C6K7.pdf',to_timestamp('01/03/20 00:00:00,000000000','DD/MM/RR HH24:MI:SSXFF'),'104');
REM INSERTING into "AC_Contratos"
SET DEFINE OFF;
Insert into "AC_Contratos" (ID,"txt_codigoContrato","qn_tipoContrato","txt_numProceso","qn_tipoProceso","qn_vigenciaContrato","dt_fechaSuscripcion","dt_fechaInicio","dt_fechaFin","vm_montoAdjudicado","bol_recurrencia","txt_objetoContratacion","qn_unidadConsolidadora","txt_nombreDelegado","userID","txt_nombreTecnicoExterno","txt_detalleFormaPago","txt_detalleGarantias","txt_archivoContrato","qn_estadoContrato","qn_estadoTransferencia","txt_codigoTransferencia","dt_fechaUltimoCambio","txt_nombreProveedor","txt_rucProveedor") values ('1','046-2019','1','34-2018','4','234',to_timestamp('21/02/20 00:00:00,000000000','DD/MM/RR HH24:MI:SSXFF'),to_timestamp('22/02/20 00:00:00,000000000','DD/MM/RR HH24:MI:SSXFF'),to_timestamp('29/02/20 00:00:00,000000000','DD/MM/RR HH24:MI:SSXFF'),'23498,0','1','Buscamos talentos ','1','Jose Onias','1','Juan Alvarado','pagamos al contado','no le garantizamos nada','c:/load/micarpeta/contrato.pdf','44','0',null,to_timestamp('14/02/20 00:00:00,000000000','DD/MM/RR HH24:MI:SSXFF'),'Kyrios Technologies','2978798798001');
Insert into "AC_Contratos" (ID,"txt_codigoContrato","qn_tipoContrato","txt_numProceso","qn_tipoProceso","qn_vigenciaContrato","dt_fechaSuscripcion","dt_fechaInicio","dt_fechaFin","vm_montoAdjudicado","bol_recurrencia","txt_objetoContratacion","qn_unidadConsolidadora","txt_nombreDelegado","userID","txt_nombreTecnicoExterno","txt_detalleFormaPago","txt_detalleGarantias","txt_archivoContrato","qn_estadoContrato","qn_estadoTransferencia","txt_codigoTransferencia","dt_fechaUltimoCambio","txt_nombreProveedor","txt_rucProveedor") values ('2','029-2019','1','034-234-2019','4','345',to_timestamp('06/02/20 00:00:00,000000000','DD/MM/RR HH24:MI:SSXFF'),to_timestamp('15/02/20 00:00:00,000000000','DD/MM/RR HH24:MI:SSXFF'),to_timestamp('22/02/20 00:00:00,000000000','DD/MM/RR HH24:MI:SSXFF'),'5000,0','1','Seguimiento del proceso de cambios administrativos','1','Juan Gabiria','1','Galicia Roel','se cncela el contarto mediante polisa de seguro','tiene una garantia con el banco bankCountry','C:/fakepath/licencia.pdf','44','0',null,to_timestamp('14/02/20 00:00:00,000000000','DD/MM/RR HH24:MI:SSXFF'),'TodoTek','6865645622967');
Insert into "AC_Contratos" (ID,"txt_codigoContrato","qn_tipoContrato","txt_numProceso","qn_tipoProceso","qn_vigenciaContrato","dt_fechaSuscripcion","dt_fechaInicio","dt_fechaFin","vm_montoAdjudicado","bol_recurrencia","txt_objetoContratacion","qn_unidadConsolidadora","txt_nombreDelegado","userID","txt_nombreTecnicoExterno","txt_detalleFormaPago","txt_detalleGarantias","txt_archivoContrato","qn_estadoContrato","qn_estadoTransferencia","txt_codigoTransferencia","dt_fechaUltimoCambio","txt_nombreProveedor","txt_rucProveedor") values ('3','038-2020','3','34-24-2010','6','67',to_timestamp('14/02/20 00:00:00,000000000','DD/MM/RR HH24:MI:SSXFF'),to_timestamp('22/02/20 00:00:00,000000000','DD/MM/RR HH24:MI:SSXFF'),to_timestamp('29/02/20 00:00:00,000000000','DD/MM/RR HH24:MI:SSXFF'),'5000,0','0','Mantenimiento de escritorios','2','Martin Granda','158','Jose Herrera Martinez','dos pagos suplementarios','Garantia bancaria','C:/fakepath/1289425_OCTUBRE2017.pdf','45','0',null,to_timestamp('14/02/20 00:00:00,000000000','DD/MM/RR HH24:MI:SSXFF'),'Inacorpsa','9676865645622');
Insert into "AC_Contratos" (ID,"txt_codigoContrato","qn_tipoContrato","txt_numProceso","qn_tipoProceso","qn_vigenciaContrato","dt_fechaSuscripcion","dt_fechaInicio","dt_fechaFin","vm_montoAdjudicado","bol_recurrencia","txt_objetoContratacion","qn_unidadConsolidadora","txt_nombreDelegado","userID","txt_nombreTecnicoExterno","txt_detalleFormaPago","txt_detalleGarantias","txt_archivoContrato","qn_estadoContrato","qn_estadoTransferencia","txt_codigoTransferencia","dt_fechaUltimoCambio","txt_nombreProveedor","txt_rucProveedor") values ('104','hfghf','2','fgftryur','4','57',to_timestamp('08/02/20 00:00:00,000000000','DD/MM/RR HH24:MI:SSXFF'),to_timestamp('22/02/20 00:00:00,000000000','DD/MM/RR HH24:MI:SSXFF'),to_timestamp('29/02/20 00:00:00,000000000','DD/MM/RR HH24:MI:SSXFF'),'76576587','0','hfkhfghjgfhj','2','gfghfhfh','158','ytryrytrtyu','hghfgh','hfhfhgfjh','C:/fakepath/PagoPapa 28-10-2017.pdf','44','0',null,to_timestamp('19/02/20 00:00:00,000000000','DD/MM/RR HH24:MI:SSXFF'),'hgjhjgjkg','7898768769976');
Insert into "AC_Contratos" (ID,"txt_codigoContrato","qn_tipoContrato","txt_numProceso","qn_tipoProceso","qn_vigenciaContrato","dt_fechaSuscripcion","dt_fechaInicio","dt_fechaFin","vm_montoAdjudicado","bol_recurrencia","txt_objetoContratacion","qn_unidadConsolidadora","txt_nombreDelegado","userID","txt_nombreTecnicoExterno","txt_detalleFormaPago","txt_detalleGarantias","txt_archivoContrato","qn_estadoContrato","qn_estadoTransferencia","txt_codigoTransferencia","dt_fechaUltimoCambio","txt_nombreProveedor","txt_rucProveedor") values ('81','0398-2010','0','045-387','0','345',to_timestamp('14/02/20 00:00:00,000000000','DD/MM/RR HH24:MI:SSXFF'),null,null,'7000,0','0','Nueva maquinas para laboratorio','1','Juan Luis','158','Pedro Lucas',null,null,'C:/fakepath/1289425_OCTUBRE2017.pdf','61','0',null,to_timestamp('14/02/20 00:00:00,000000000','DD/MM/RR HH24:MI:SSXFF'),'Telconet','0985763452637');
REM INSERTING into "AC_Entregables"
SET DEFINE OFF;
Insert into "AC_Entregables" (ID,"qn_tipoEntregable","qn_cantidadEntregable","dt_fechaEntregable","txt_archivoEntregable","txt_descripcionEntregable","dt_fechaUltimoCambio","contratoID") values ('1','48','23',to_timestamp('13/02/20 20:04:28,811000000','DD/MM/RR HH24:MI:SSXFF'),'C:/nose','Paginadores',to_timestamp('18/02/20 20:04:51,310000000','DD/MM/RR HH24:MI:SSXFF'),'2');
Insert into "AC_Entregables" (ID,"qn_tipoEntregable","qn_cantidadEntregable","dt_fechaEntregable","txt_archivoEntregable","txt_descripcionEntregable","dt_fechaUltimoCambio","contratoID") values ('2','49','34',to_timestamp('22/02/20 00:00:00,000000000','DD/MM/RR HH24:MI:SSXFF'),'C:/fakepath/PagoPapa 28-10-2017.pdf','sfdsfds',to_timestamp('19/02/20 00:00:00,000000000','DD/MM/RR HH24:MI:SSXFF'),'2');
Insert into "AC_Entregables" (ID,"qn_tipoEntregable","qn_cantidadEntregable","dt_fechaEntregable","txt_archivoEntregable","txt_descripcionEntregable","dt_fechaUltimoCambio","contratoID") values ('3','49','100',to_timestamp('06/02/20 00:00:00,000000000','DD/MM/RR HH24:MI:SSXFF'),'C:/fakepath/PagoPapa 20-10-2017.pdf','gagga',to_timestamp('19/02/20 00:00:00,000000000','DD/MM/RR HH24:MI:SSXFF'),'2');
Insert into "AC_Entregables" (ID,"qn_tipoEntregable","qn_cantidadEntregable","dt_fechaEntregable","txt_archivoEntregable","txt_descripcionEntregable","dt_fechaUltimoCambio","contratoID") values ('21','48','28',to_timestamp('22/03/20 00:00:00,000000000','DD/MM/RR HH24:MI:SSXFF'),'C:/fakepath/Y3S8Q6R8C6K7.pdf','Minilaptops',to_timestamp('01/03/20 00:00:00,000000000','DD/MM/RR HH24:MI:SSXFF'),'104');
REM INSERTING into "AC_FechaModificado"
SET DEFINE OFF;
REM INSERTING into "AC_FormaPago"
SET DEFINE OFF;
REM INSERTING into "AC_Garantias"
SET DEFINE OFF;
Insert into "AC_Garantias" (ID,"qn_tipoGarantia","vm_valorGarantia","txt_codigoGarantia","txt_proveedorGarantia","dt_inicioGarantia","dt_finGarantia","txt_archivoGarantia","dt_fechaUltimoCambio","contratoID") values ('1','21','5000,0','GAR1','MICROSOFT S.A.',to_timestamp('14/02/20 00:00:00,000000000','DD/MM/RR HH24:MI:SSXFF'),to_timestamp('23/02/20 00:00:00,000000000','DD/MM/RR HH24:MI:SSXFF'),'C:/fakepath/PagoPapa 20-10-2017.pdf',to_timestamp('18/02/20 00:00:00,000000000','DD/MM/RR HH24:MI:SSXFF'),'2');
Insert into "AC_Garantias" (ID,"qn_tipoGarantia","vm_valorGarantia","txt_codigoGarantia","txt_proveedorGarantia","dt_inicioGarantia","dt_finGarantia","txt_archivoGarantia","dt_fechaUltimoCambio","contratoID") values ('2','21','567,0','GGG786','MICROSOFT S.A.',to_timestamp('08/02/20 00:00:00,000000000','DD/MM/RR HH24:MI:SSXFF'),to_timestamp('22/02/20 00:00:00,000000000','DD/MM/RR HH24:MI:SSXFF'),'C:/fakepath/PagoPapa 20-10-2017.pdf',to_timestamp('19/02/20 00:00:00,000000000','DD/MM/RR HH24:MI:SSXFF'),'2');
Insert into "AC_Garantias" (ID,"qn_tipoGarantia","vm_valorGarantia","txt_codigoGarantia","txt_proveedorGarantia","dt_inicioGarantia","dt_finGarantia","txt_archivoGarantia","dt_fechaUltimoCambio","contratoID") values ('3','22','5000,0','GH565656','GAR30278',to_timestamp('15/02/20 00:00:00,000000000','DD/MM/RR HH24:MI:SSXFF'),to_timestamp('23/02/20 00:00:00,000000000','DD/MM/RR HH24:MI:SSXFF'),'C:/fakepath/PagoPapa 20-10-2017.pdf',to_timestamp('19/02/20 00:00:00,000000000','DD/MM/RR HH24:MI:SSXFF'),'2');
Insert into "AC_Garantias" (ID,"qn_tipoGarantia","vm_valorGarantia","txt_codigoGarantia","txt_proveedorGarantia","dt_inicioGarantia","dt_finGarantia","txt_archivoGarantia","dt_fechaUltimoCambio","contratoID") values ('21','21','4000,0','GAR002','MICROSOFT S.A.',to_timestamp('12/02/20 00:00:00,000000000','DD/MM/RR HH24:MI:SSXFF'),to_timestamp('23/02/20 00:00:00,000000000','DD/MM/RR HH24:MI:SSXFF'),'C:/fakepath/Y3S8Q6R8C6K7.pdf',to_timestamp('01/03/20 00:00:00,000000000','DD/MM/RR HH24:MI:SSXFF'),'104');
REM INSERTING into "AC_Historial"
SET DEFINE OFF;
Insert into "AC_Historial" (ID,"txt_seccionHistorial","txt_accionHistorial","dt_fechaUltimoCambio","contratoID") values ('1','GARANTIA','Se ingreso nueva garantia con codigo GAR1',to_timestamp('18/02/20 00:00:00,000000000','DD/MM/RR HH24:MI:SSXFF'),'2');
Insert into "AC_Historial" (ID,"txt_seccionHistorial","txt_accionHistorial","dt_fechaUltimoCambio","contratoID") values ('2','ACTA','Se ingreso nueva acta con codigo ACTA2020',to_timestamp('18/02/20 00:00:00,000000000','DD/MM/RR HH24:MI:SSXFF'),'2');
Insert into "AC_Historial" (ID,"txt_seccionHistorial","txt_accionHistorial","dt_fechaUltimoCambio","contratoID") values ('3','ACTA','Se ingreso nueva acta con codigo GGGGGG',to_timestamp('19/02/20 00:00:00,000000000','DD/MM/RR HH24:MI:SSXFF'),'2');
Insert into "AC_Historial" (ID,"txt_seccionHistorial","txt_accionHistorial","dt_fechaUltimoCambio","contratoID") values ('4','ACTA','Se ingreso nueva acta con codigo ACTA2019',to_timestamp('19/02/20 00:00:00,000000000','DD/MM/RR HH24:MI:SSXFF'),'2');
Insert into "AC_Historial" (ID,"txt_seccionHistorial","txt_accionHistorial","dt_fechaUltimoCambio","contratoID") values ('5','ACTA','Se ingreso nueva acta con codigo TUYU',to_timestamp('19/02/20 00:00:00,000000000','DD/MM/RR HH24:MI:SSXFF'),'2');
Insert into "AC_Historial" (ID,"txt_seccionHistorial","txt_accionHistorial","dt_fechaUltimoCambio","contratoID") values ('6','ENTREGABLES','Se ingreso nuevo entregable sfdsfds',to_timestamp('19/02/20 00:00:00,000000000','DD/MM/RR HH24:MI:SSXFF'),'2');
Insert into "AC_Historial" (ID,"txt_seccionHistorial","txt_accionHistorial","dt_fechaUltimoCambio","contratoID") values ('7','ENTREGABLES','Se ingreso nuevo entregable gagga',to_timestamp('19/02/20 00:00:00,000000000','DD/MM/RR HH24:MI:SSXFF'),'2');
Insert into "AC_Historial" (ID,"txt_seccionHistorial","txt_accionHistorial","dt_fechaUltimoCambio","contratoID") values ('8','GARANTIA','Se ingreso nueva garantia con codigo GGG786',to_timestamp('19/02/20 00:00:00,000000000','DD/MM/RR HH24:MI:SSXFF'),'2');
Insert into "AC_Historial" (ID,"txt_seccionHistorial","txt_accionHistorial","dt_fechaUltimoCambio","contratoID") values ('9','GARANTIA','Se ingreso nueva garantia con codigo GH565656',to_timestamp('19/02/20 00:00:00,000000000','DD/MM/RR HH24:MI:SSXFF'),'2');
Insert into "AC_Historial" (ID,"txt_seccionHistorial","txt_accionHistorial","dt_fechaUltimoCambio","contratoID") values ('10','GARANTIA','Se modifico la garantia con codigo GH565656',to_timestamp('19/02/20 00:00:00,000000000','DD/MM/RR HH24:MI:SSXFF'),'2');
Insert into "AC_Historial" (ID,"txt_seccionHistorial","txt_accionHistorial","dt_fechaUltimoCambio","contratoID") values ('11','INFORME','Se ingreso el informe con codigo MULTA005',to_timestamp('19/02/20 00:00:00,000000000','DD/MM/RR HH24:MI:SSXFF'),'2');
Insert into "AC_Historial" (ID,"txt_seccionHistorial","txt_accionHistorial","dt_fechaUltimoCambio","contratoID") values ('12','INFORME','Se ingreso el informe con codigo cod123',to_timestamp('19/02/20 00:00:00,000000000','DD/MM/RR HH24:MI:SSXFF'),'2');
Insert into "AC_Historial" (ID,"txt_seccionHistorial","txt_accionHistorial","dt_fechaUltimoCambio","contratoID") values ('13','INFORME','Se ingreso el informe con codigo MULTA005',to_timestamp('19/02/20 00:00:00,000000000','DD/MM/RR HH24:MI:SSXFF'),'2');
Insert into "AC_Historial" (ID,"txt_seccionHistorial","txt_accionHistorial","dt_fechaUltimoCambio","contratoID") values ('14','MULTA','Se ingreso nueva multa del informe MULTA005 por un valor de 566777',to_timestamp('19/02/20 00:00:00,000000000','DD/MM/RR HH24:MI:SSXFF'),'2');
Insert into "AC_Historial" (ID,"txt_seccionHistorial","txt_accionHistorial","dt_fechaUltimoCambio","contratoID") values ('15','MULTA','Se ingreso nueva multa del informe cod123 por un valor de 7888',to_timestamp('19/02/20 00:00:00,000000000','DD/MM/RR HH24:MI:SSXFF'),'2');
Insert into "AC_Historial" (ID,"txt_seccionHistorial","txt_accionHistorial","dt_fechaUltimoCambio","contratoID") values ('16','MULTA','Se modifico la multa del informe MULTA005',to_timestamp('19/02/20 00:00:00,000000000','DD/MM/RR HH24:MI:SSXFF'),'2');
Insert into "AC_Historial" (ID,"txt_seccionHistorial","txt_accionHistorial","dt_fechaUltimoCambio","contratoID") values ('17','INFORME','Se modifico el informe con codigo Multa2010',to_timestamp('19/02/20 00:00:00,000000000','DD/MM/RR HH24:MI:SSXFF'),'2');
Insert into "AC_Historial" (ID,"txt_seccionHistorial","txt_accionHistorial","dt_fechaUltimoCambio","contratoID") values ('21','GARANTIA','Se ingreso nueva garantia con codigo GAR002',to_timestamp('28/02/20 00:00:00,000000000','DD/MM/RR HH24:MI:SSXFF'),'104');
Insert into "AC_Historial" (ID,"txt_seccionHistorial","txt_accionHistorial","dt_fechaUltimoCambio","contratoID") values ('41','ENTREGABLES','Se ingreso nuevo entregable Minilaptops',to_timestamp('01/03/20 00:00:00,000000000','DD/MM/RR HH24:MI:SSXFF'),'104');
Insert into "AC_Historial" (ID,"txt_seccionHistorial","txt_accionHistorial","dt_fechaUltimoCambio","contratoID") values ('61','GARANTIA','Se modifico la garantia con codigo GAR002',to_timestamp('01/03/20 00:00:00,000000000','DD/MM/RR HH24:MI:SSXFF'),'104');
Insert into "AC_Historial" (ID,"txt_seccionHistorial","txt_accionHistorial","dt_fechaUltimoCambio","contratoID") values ('62','GARANTIA','Se modifico la garantia con codigo GAR002',to_timestamp('01/03/20 00:00:00,000000000','DD/MM/RR HH24:MI:SSXFF'),'104');
Insert into "AC_Historial" (ID,"txt_seccionHistorial","txt_accionHistorial","dt_fechaUltimoCambio","contratoID") values ('81','INFORME','Se ingreso el informe con codigo MULTA005',to_timestamp('01/03/20 00:00:00,000000000','DD/MM/RR HH24:MI:SSXFF'),'104');
Insert into "AC_Historial" (ID,"txt_seccionHistorial","txt_accionHistorial","dt_fechaUltimoCambio","contratoID") values ('101','INFORME','Se modifico el informe con codigo MULTA004',to_timestamp('01/03/20 00:00:00,000000000','DD/MM/RR HH24:MI:SSXFF'),'104');
Insert into "AC_Historial" (ID,"txt_seccionHistorial","txt_accionHistorial","dt_fechaUltimoCambio","contratoID") values ('102','MULTA','Se ingreso nueva multa del informe MULTA004 por un valor de 127',to_timestamp('01/03/20 00:00:00,000000000','DD/MM/RR HH24:MI:SSXFF'),'104');
Insert into "AC_Historial" (ID,"txt_seccionHistorial","txt_accionHistorial","dt_fechaUltimoCambio","contratoID") values ('121','MULTA','Se modifico la multa del informe MULTA004',to_timestamp('01/03/20 00:00:00,000000000','DD/MM/RR HH24:MI:SSXFF'),'104');
Insert into "AC_Historial" (ID,"txt_seccionHistorial","txt_accionHistorial","dt_fechaUltimoCambio","contratoID") values ('122','ACTA','Se ingreso nueva acta con codigo ACTA2020',to_timestamp('01/03/20 00:00:00,000000000','DD/MM/RR HH24:MI:SSXFF'),'104');
Insert into "AC_Historial" (ID,"txt_seccionHistorial","txt_accionHistorial","dt_fechaUltimoCambio","contratoID") values ('141','ACTA','Se modifico el acta con codigo ACTA2020',to_timestamp('01/03/20 00:00:00,000000000','DD/MM/RR HH24:MI:SSXFF'),'104');
REM INSERTING into "AC_Informes"
SET DEFINE OFF;
Insert into "AC_Informes" (ID,"qn_tipoInforme","txt_codigoInforme","dt_fechaInforme","txt_archivoInforme","dt_fechaUltimoCambio","contratoID") values ('1','52','MULTA005',to_timestamp('22/02/20 00:00:00,000000000','DD/MM/RR HH24:MI:SSXFF'),'C:/fakepath/Certificado_RUC.pdf',to_timestamp('19/02/20 00:00:00,000000000','DD/MM/RR HH24:MI:SSXFF'),'2');
Insert into "AC_Informes" (ID,"qn_tipoInforme","txt_codigoInforme","dt_fechaInforme","txt_archivoInforme","dt_fechaUltimoCambio","contratoID") values ('2','52','Multa2010',to_timestamp('07/02/20 00:00:00,000000000','DD/MM/RR HH24:MI:SSXFF'),'C:/fakepath/PagoPapa 28-10-2017.pdf',to_timestamp('19/02/20 00:00:00,000000000','DD/MM/RR HH24:MI:SSXFF'),'2');
Insert into "AC_Informes" (ID,"qn_tipoInforme","txt_codigoInforme","dt_fechaInforme","txt_archivoInforme","dt_fechaUltimoCambio","contratoID") values ('3','52','MULTA005',to_timestamp('14/02/20 00:00:00,000000000','DD/MM/RR HH24:MI:SSXFF'),'C:/fakepath/licencia.pdf',to_timestamp('19/02/20 00:00:00,000000000','DD/MM/RR HH24:MI:SSXFF'),'2');
Insert into "AC_Informes" (ID,"qn_tipoInforme","txt_codigoInforme","dt_fechaInforme","txt_archivoInforme","dt_fechaUltimoCambio","contratoID") values ('21','52','MULTA004',to_timestamp('14/03/20 00:00:00,000000000','DD/MM/RR HH24:MI:SSXFF'),'C:/fakepath/Y3S8Q6R8C6K7.pdf',to_timestamp('01/03/20 00:00:00,000000000','DD/MM/RR HH24:MI:SSXFF'),'104');
REM INSERTING into "AC_Modificaciones"
SET DEFINE OFF;
REM INSERTING into "AC_Multas"
SET DEFINE OFF;
Insert into "AC_Multas" (ID,"qn_tipoMulta","vm_montoMulta","txt_motivoMulta","dt_fechaMulta","dt_fechaUltimoCambio","txt_codigoInforme","contratoID") values ('1','43','566777,0','incumple metas previstas',to_timestamp('13/02/20 00:00:00,000000000','DD/MM/RR HH24:MI:SSXFF'),to_timestamp('19/02/20 00:00:00,000000000','DD/MM/RR HH24:MI:SSXFF'),'MULTA005','2');
Insert into "AC_Multas" (ID,"qn_tipoMulta","vm_montoMulta","txt_motivoMulta","dt_fechaMulta","dt_fechaUltimoCambio","txt_codigoInforme","contratoID") values ('2','43','7888,0','jhgjgjh',to_timestamp('21/02/20 00:00:00,000000000','DD/MM/RR HH24:MI:SSXFF'),to_timestamp('19/02/20 00:00:00,000000000','DD/MM/RR HH24:MI:SSXFF'),'cod123','2');
Insert into "AC_Multas" (ID,"qn_tipoMulta","vm_montoMulta","txt_motivoMulta","dt_fechaMulta","dt_fechaUltimoCambio","txt_codigoInforme","contratoID") values ('21','43','127,0','nose',to_timestamp('10/03/20 00:00:00,000000000','DD/MM/RR HH24:MI:SSXFF'),to_timestamp('01/03/20 00:00:00,000000000','DD/MM/RR HH24:MI:SSXFF'),'MULTA004','104');
REM INSERTING into "AC_Pagos"
SET DEFINE OFF;
REM INSERTING into "AC_Rols"
SET DEFINE OFF;
Insert into "AC_Rols" (ID,"txt_rolName","txt_rolDetaile") values ('1','Administrador del Sistema','Podra configurar todo el sistema, crear, modificar, dar de baja a los usuarios, categorias, tipos de categoria');
Insert into "AC_Rols" (ID,"txt_rolName","txt_rolDetaile") values ('2','Administrador-Contrato','Puede hacer uso del sistema para llevar todo el proceso en la administración de los contratos');
Insert into "AC_Rols" (ID,"txt_rolName","txt_rolDetaile") values ('3','Usuario-UAS','Puede acceder al sistema para hacer consultas y resolver solicitudes de transferencias.');
Insert into "AC_Rols" (ID,"txt_rolName","txt_rolDetaile") values ('4','Usuario-Consultor','Puede acceder al sistema para hacer consultas genericas');
REM INSERTING into "AC_Secciones"
SET DEFINE OFF;
Insert into "AC_Secciones" ("seccionID","txt_nombreSeccion","txt_detalleSeccion","bol_estadoSeccion") values ('1','Contrato','Es un tipo de contrato en el que al menos una de las partes es una Administración pública cuando actúa como tal, y en el que está sometida a un régimen jurídico que coloca al contratante en una situación de subordinación jurídica frente a la administración','1');
Insert into "AC_Secciones" ("seccionID","txt_nombreSeccion","txt_detalleSeccion","bol_estadoSeccion") values ('2','Garantia','Es un contrato accesorio que se constituye mediante una variada gama de obligaciones y contratos: el seguro, la fianza, la prenda, los títulos de crédito, la hipoteca, el depósito, etc., cada uno de los cuales considerado independientemente de su accesorialidad, tiene una fisonomía propia, muy diferente de aquella','1');
Insert into "AC_Secciones" ("seccionID","txt_nombreSeccion","txt_detalleSeccion","bol_estadoSeccion") values ('3','Proceso Contratación','Proceso que sigue para firmar un contrato ','0');
Insert into "AC_Secciones" ("seccionID","txt_nombreSeccion","txt_detalleSeccion","bol_estadoSeccion") values ('21','FormaPago','Acuerdo entre las partes para los pagos del contrato.','1');
Insert into "AC_Secciones" ("seccionID","txt_nombreSeccion","txt_detalleSeccion","bol_estadoSeccion") values ('22','Multa','Penalizaciones por incumplimiento del contrato u otros motivos.','1');
Insert into "AC_Secciones" ("seccionID","txt_nombreSeccion","txt_detalleSeccion","bol_estadoSeccion") values ('23','Estado Contrato','Las distints facets de un contrato','0');
Insert into "AC_Secciones" ("seccionID","txt_nombreSeccion","txt_detalleSeccion","bol_estadoSeccion") values ('24','Acta','Actas de entrega recepcion','1');
Insert into "AC_Secciones" ("seccionID","txt_nombreSeccion","txt_detalleSeccion","bol_estadoSeccion") values ('25','Entregable','entregas del contrato','1');
Insert into "AC_Secciones" ("seccionID","txt_nombreSeccion","txt_detalleSeccion","bol_estadoSeccion") values ('26','Modificacion','aspectos que se pueden modificar de un contrato','1');
Insert into "AC_Secciones" ("seccionID","txt_nombreSeccion","txt_detalleSeccion","bol_estadoSeccion") values ('27','Informes','Informe detallado de todos los aspectos importantes durante la ejecucion del contrato','1');
Insert into "AC_Secciones" ("seccionID","txt_nombreSeccion","txt_detalleSeccion","bol_estadoSeccion") values ('41','DatosGenerales','Se mostrara el contrato a detalle','0');
Insert into "AC_Secciones" ("seccionID","txt_nombreSeccion","txt_detalleSeccion","bol_estadoSeccion") values ('42','fhfghf','gfhgfkfghf','0');
Insert into "AC_Secciones" ("seccionID","txt_nombreSeccion","txt_detalleSeccion","bol_estadoSeccion") values ('6','gjhhgjhgjh','rtueuetyeiioyoiiyigfgfg','0');
Insert into "AC_Secciones" ("seccionID","txt_nombreSeccion","txt_detalleSeccion","bol_estadoSeccion") values ('28','pulgan','jhfsdafl','0');
Insert into "AC_Secciones" ("seccionID","txt_nombreSeccion","txt_detalleSeccion","bol_estadoSeccion") values ('29','vasoos','gatos','0');
REM INSERTING into "AC_Solicitudes"
SET DEFINE OFF;
REM INSERTING into "AC_Tipos"
SET DEFINE OFF;
Insert into "AC_Tipos" ("tipoID","txt_nombreTipo","txt_detalleTipo","seccionID") values ('1','Bienes y Servicios Normalizados','Se denomina obra pública a todos los trabajos de construcción, ya sean infraestructuras o edificación, promovidos por una administración de gobierno teniendo como objetivo el beneficio de la comunidad','1');
Insert into "AC_Tipos" ("tipoID","txt_nombreTipo","txt_detalleTipo","seccionID") values ('2','Bienes y Servicios No Normalizados','ofertas a todos los proveedores inscritos en el Registro Unico de Proveedores."','1');
Insert into "AC_Tipos" ("tipoID","txt_nombreTipo","txt_detalleTipo","seccionID") values ('3','Obras','Se denomina obra pública a todos los trabajos de construcción, ya sean infraestructuras o edificación, promovidos por una administración de gobierno teniendo como objetivo el beneficio de la comunidad','1');
Insert into "AC_Tipos" ("tipoID","txt_nombreTipo","txt_detalleTipo","seccionID") values ('4','Catalogo electronico','Sin limite de monto','3');
Insert into "AC_Tipos" ("tipoID","txt_nombreTipo","txt_detalleTipo","seccionID") values ('5','Subasta inversa electronica','monto mayor a $ 7105,88','3');
Insert into "AC_Tipos" ("tipoID","txt_nombreTipo","txt_detalleTipo","seccionID") values ('6','Infima Cuantia','monto menor a $ 7105,88','3');
Insert into "AC_Tipos" ("tipoID","txt_nombreTipo","txt_detalleTipo","seccionID") values ('21','Fiel Cumplimiento','Es una herramienta jurídica de respaldo, orientado a proteger, resarcir o asegurar el cumplimiento de las obligaciones asumidas por el contratista como consecuencia de la suscripción del contrato con el Estado, en la etapa de la etapa de la ejecución contractual.','2');
Insert into "AC_Tipos" ("tipoID","txt_nombreTipo","txt_detalleTipo","seccionID") values ('22','Buen Uso de Anticipo','La Garantía de Buen Uso de Anticipo respalda que todos los recursos entregados como anticipo sean correctamente utilizados','2');
Insert into "AC_Tipos" ("tipoID","txt_nombreTipo","txt_detalleTipo","seccionID") values ('23','Garantia Tecnica','En los contratos de adquisición, provisión o instalación de equipos, maquinaria o vehículos, o de obras que contemplen aquella provisión o instalación, para asegurar la calidad y buen funcionamiento de los mismos, se exigirá, además, al momento de la suscripción del contrato y como parte integrante del mismo, una garantía del fabricante, representante, distribuidor o vendedor autorizado, la que se mantendrá vigente de acuerdo con las estipulaciones establecidas en el contrato.','2');
Insert into "AC_Tipos" ("tipoID","txt_nombreTipo","txt_detalleTipo","seccionID") values ('41','Parcial','Se hace en partes de acuerdo como se vaya avanzando en el cumplimiento del contrato.','21');
Insert into "AC_Tipos" ("tipoID","txt_nombreTipo","txt_detalleTipo","seccionID") values ('42','Contra Entrega','Se lo hace al finalizar contrato','21');
Insert into "AC_Tipos" ("tipoID","txt_nombreTipo","txt_detalleTipo","seccionID") values ('43','Por Incumplimiento','Cuando no se cumplen con los entregables establecidos','22');
Insert into "AC_Tipos" ("tipoID","txt_nombreTipo","txt_detalleTipo","seccionID") values ('44','Activo','Contrato en ejecucion','23');
Insert into "AC_Tipos" ("tipoID","txt_nombreTipo","txt_detalleTipo","seccionID") values ('45','Pendiente','Cuando aun no se ha dado de baja por parte del UAS','23');
Insert into "AC_Tipos" ("tipoID","txt_nombreTipo","txt_detalleTipo","seccionID") values ('46','Parcial','actas de entregas parciales','24');
Insert into "AC_Tipos" ("tipoID","txt_nombreTipo","txt_detalleTipo","seccionID") values ('47','Definitivo','Acta de la entrega definitiva del contrato','24');
Insert into "AC_Tipos" ("tipoID","txt_nombreTipo","txt_detalleTipo","seccionID") values ('48','Parcial','entrega parcial del contrato','25');
Insert into "AC_Tipos" ("tipoID","txt_nombreTipo","txt_detalleTipo","seccionID") values ('49','Final','entrega final','25');
Insert into "AC_Tipos" ("tipoID","txt_nombreTipo","txt_detalleTipo","seccionID") values ('50','Modificatorio','Modificar Clausulas','26');
Insert into "AC_Tipos" ("tipoID","txt_nombreTipo","txt_detalleTipo","seccionID") values ('51','Complementario','puede modificar monto o plazo','26');
Insert into "AC_Tipos" ("tipoID","txt_nombreTipo","txt_detalleTipo","seccionID") values ('52','Multa','informe sobre la aplicacion de multa','27');
Insert into "AC_Tipos" ("tipoID","txt_nombreTipo","txt_detalleTipo","seccionID") values ('61','Nuevo','ingresos recientes de contratos al sistema','23');
Insert into "AC_Tipos" ("tipoID","txt_nombreTipo","txt_detalleTipo","seccionID") values ('62','Finalizado','Contratos que ya han culminado y finalizado por UAS','23');
Insert into "AC_Tipos" ("tipoID","txt_nombreTipo","txt_detalleTipo","seccionID") values ('7','hfgfh','fhghfhg','22');
Insert into "AC_Tipos" ("tipoID","txt_nombreTipo","txt_detalleTipo","seccionID") values ('8','ytuyttuy','uewtuiotyqw','22');
Insert into "AC_Tipos" ("tipoID","txt_nombreTipo","txt_detalleTipo","seccionID") values ('9','yurhgfgh','hfhfhg','1');
REM INSERTING into "AC_UserRol"
SET DEFINE OFF;
Insert into "AC_UserRol" ("userID","rolID") values ('1','1');
Insert into "AC_UserRol" ("userID","rolID") values ('21','2');
Insert into "AC_UserRol" ("userID","rolID") values ('23','2');
Insert into "AC_UserRol" ("userID","rolID") values ('30','2');
Insert into "AC_UserRol" ("userID","rolID") values ('31','3');
Insert into "AC_UserRol" ("userID","rolID") values ('47','4');
Insert into "AC_UserRol" ("userID","rolID") values ('56','2');
Insert into "AC_UserRol" ("userID","rolID") values ('158','2');
Insert into "AC_UserRol" ("userID","rolID") values ('168','2');
Insert into "AC_UserRol" ("userID","rolID") values ('178','4');
Insert into "AC_UserRol" ("userID","rolID") values ('182','4');
Insert into "AC_UserRol" ("userID","rolID") values ('188','2');
REM INSERTING into "AC_Users"
SET DEFINE OFF;
Insert into "AC_Users" (ID,"txt_username","txt_apellido","txt_nombre") values ('1','fsayay','SAYAY SAGÑAY','FABIAN GEOVANNY');
Insert into "AC_Users" (ID,"txt_username","txt_apellido","txt_nombre") values ('21','lkcrespo','CRESPO CEVALLOS','LOURDES KATHERINE');
Insert into "AC_Users" (ID,"txt_username","txt_apellido","txt_nombre") values ('22','jecruz','CRUZ GRANJA','JOAO EDUARDO');
Insert into "AC_Users" (ID,"txt_username","txt_apellido","txt_nombre") values ('23','gsorian','SORIANO IDROVO','GUILLERMO ENRIQUE');
Insert into "AC_Users" (ID,"txt_username","txt_apellido","txt_nombre") values ('24','John Doe','John Doe','John Doe');
Insert into "AC_Users" (ID,"txt_username","txt_apellido","txt_nombre") values ('25','Scott Tiger','Scott Tiger','Scott Tiger');
Insert into "AC_Users" (ID,"txt_username","txt_apellido","txt_nombre") values ('26','ahuayama','HUAYAMAVE MARTINEZ','ANA DE LOURDES');
Insert into "AC_Users" (ID,"txt_username","txt_apellido","txt_nombre") values ('27','aordonez','ORDOÑEZ GONZALEZ','JOHANNA ANDREA');
Insert into "AC_Users" (ID,"txt_username","txt_apellido","txt_nombre") values ('28','dicortez','CORTEZ DURAN','DIANA CORINA');
Insert into "AC_Users" (ID,"txt_username","txt_apellido","txt_nombre") values ('29','kdsalced','SALCEDO FALCONÍ','KARLA DANIELA');
Insert into "AC_Users" (ID,"txt_username","txt_apellido","txt_nombre") values ('30','mjmendie','MENDIETA RUBIO','MARÍA JOSÉ');
Insert into "AC_Users" (ID,"txt_username","txt_apellido","txt_nombre") values ('31','cparedes','PAREDES VERDUGA','CECILIA ALEXANDRA');
Insert into "AC_Users" (ID,"txt_username","txt_apellido","txt_nombre") values ('32','abernabe','BERNABE BARZOLA','ANNABELL KARINA');
Insert into "AC_Users" (ID,"txt_username","txt_apellido","txt_nombre") values ('33','acarchi','CARCHI PAUCAR','ANA MARIA');
Insert into "AC_Users" (ID,"txt_username","txt_apellido","txt_nombre") values ('34','bvintimi','VINTIMILLA BURGOS','BORIS XAVIER');
Insert into "AC_Users" (ID,"txt_username","txt_apellido","txt_nombre") values ('35','caicedo','CAICEDO ROSSI','GUIDO');
Insert into "AC_Users" (ID,"txt_username","txt_apellido","txt_nombre") values ('36','efiguero','FIGUEROA AQUINO','MARIA ELIZABETH');
Insert into "AC_Users" (ID,"txt_username","txt_apellido","txt_nombre") values ('37','apalma','PALMA DUQUE','ADRIANA VERONICA');
Insert into "AC_Users" (ID,"txt_username","txt_apellido","txt_nombre") values ('38','ccanales','CANALES PORTER','CRISTIAN EDUARDO');
Insert into "AC_Users" (ID,"txt_username","txt_apellido","txt_nombre") values ('39','cmite','MITE VERA','CELIA ARACELY');
Insert into "AC_Users" (ID,"txt_username","txt_apellido","txt_nombre") values ('40','ddiaz','DIAZ VARGAS','DIANA MARIA');
Insert into "AC_Users" (ID,"txt_username","txt_apellido","txt_nombre") values ('41','ftorres','TORRES ANDRADE','GUILLERMO FRANCISCO');
Insert into "AC_Users" (ID,"txt_username","txt_apellido","txt_nombre") values ('42','fvalare','VALAREZO OSPINA','FRANCISCO GUILLERMO');
Insert into "AC_Users" (ID,"txt_username","txt_apellido","txt_nombre") values ('43','gaibarra','IBARRA PATIÑO','GABRIELA ALEXANDRA');
Insert into "AC_Users" (ID,"txt_username","txt_apellido","txt_nombre") values ('44','jchilan','CHILAN QUIMIS','JANETH MARIA');
Insert into "AC_Users" (ID,"txt_username","txt_apellido","txt_nombre") values ('45','jcoronel','CORONEL CHICAIZA','JULIO ERNESTO');
Insert into "AC_Users" (ID,"txt_username","txt_apellido","txt_nombre") values ('46','jiguzman','GUZMAN BENITEZ','JENNY ISABEL');
Insert into "AC_Users" (ID,"txt_username","txt_apellido","txt_nombre") values ('47','jmorbion','MORBIONI YEPEZ','JULIA LORENA');
Insert into "AC_Users" (ID,"txt_username","txt_apellido","txt_nombre") values ('48','jmorev','MORENO VELASCO','JUAN POMPILIO');
Insert into "AC_Users" (ID,"txt_username","txt_apellido","txt_nombre") values ('49','johnberm','BERMUDEZ PUGA','JOHN ADAN');
Insert into "AC_Users" (ID,"txt_username","txt_apellido","txt_nombre") values ('50','kchilui','CHILUIZA GARCIA','KATHERINE MALENA');
Insert into "AC_Users" (ID,"txt_username","txt_apellido","txt_nombre") values ('51','kvillalt','VILLALTA DELGADO','KARINA ESTHER');
Insert into "AC_Users" (ID,"txt_username","txt_apellido","txt_nombre") values ('52','lherrera','HERRERA ANDRADE','LETHY SUSANA');
Insert into "AC_Users" (ID,"txt_username","txt_apellido","txt_nombre") values ('53','lmzambra','ZAMBRANO ALVARADO','LILIBETH MARITZA');
Insert into "AC_Users" (ID,"txt_username","txt_apellido","txt_nombre") values ('54','lubillus','UBILLUS MERA','LEIBER ARMANDO');
Insert into "AC_Users" (ID,"txt_username","txt_apellido","txt_nombre") values ('55','lvanegas','VANEGAS BERSOZA','LUCIA MARISOL');
Insert into "AC_Users" (ID,"txt_username","txt_apellido","txt_nombre") values ('56','mballada','BALLADARES RAMOS','MARCOS MAURICIO');
Insert into "AC_Users" (ID,"txt_username","txt_apellido","txt_nombre") values ('57','mdrodrig','RODRIGUEZ AROCA','MARIA DE LOS ANGELES');
Insert into "AC_Users" (ID,"txt_username","txt_apellido","txt_nombre") values ('58','mestrada','ESTRADA AGUILAR','LEONARDO MARIO');
Insert into "AC_Users" (ID,"txt_username","txt_apellido","txt_nombre") values ('59','jalvarez','ALVAREZ MONTERO','JOSE FELIX');
Insert into "AC_Users" (ID,"txt_username","txt_apellido","txt_nombre") values ('60','mbriones','BRIONES RUMBEA','MARTHA IVONNE');
Insert into "AC_Users" (ID,"txt_username","txt_apellido","txt_nombre") values ('61','equishpe','QUISHPE LEDESMA','EDITH MARIUXI');
Insert into "AC_Users" (ID,"txt_username","txt_apellido","txt_nombre") values ('62','mmendoza','MENDOZA VELEZ','MARCOS ERNESTO');
Insert into "AC_Users" (ID,"txt_username","txt_apellido","txt_nombre") values ('63','mrcastro','CASTRO CASTRO','MIREYA DEL ROCIO');
Insert into "AC_Users" (ID,"txt_username","txt_apellido","txt_nombre") values ('64','mrodri','RODRIGUEZ ZURITA','MARIA DENISE');
Insert into "AC_Users" (ID,"txt_username","txt_apellido","txt_nombre") values ('65','mvargas','VARGAS VALVERDE','MARIA FERNANDA');
Insert into "AC_Users" (ID,"txt_username","txt_apellido","txt_nombre") values ('66','nbriones','BRIONES RUMBEA','NARCISA MARGARITA');
Insert into "AC_Users" (ID,"txt_username","txt_apellido","txt_nombre") values ('67','pczurita','ZURITA VILEMA','PAOLA CRISTINA');
Insert into "AC_Users" (ID,"txt_username","txt_apellido","txt_nombre") values ('68','plozano','LOZANO ACOSTA','PATRICIA ALEXANDRA');
Insert into "AC_Users" (ID,"txt_username","txt_apellido","txt_nombre") values ('69','ralvarez','ALVAREZ MOSQUERA','RUTH ALICIA');
Insert into "AC_Users" (ID,"txt_username","txt_apellido","txt_nombre") values ('70','realvara','ALVARADO ESPINOZA','ALEX RENATO');
Insert into "AC_Users" (ID,"txt_username","txt_apellido","txt_nombre") values ('71','pcarrion','CARRION MERO','PAUL CESAR');
Insert into "AC_Users" (ID,"txt_username","txt_apellido","txt_nombre") values ('72','smontoya','MONTOYA MORANTE','SONIA ELIZABETH');
Insert into "AC_Users" (ID,"txt_username","txt_apellido","txt_nombre") values ('73','taguirre','AGUIRRE AGUILAR','TITO');
Insert into "AC_Users" (ID,"txt_username","txt_apellido","txt_nombre") values ('74','wbcarden','CARDENAS MEDRANDA','WASHINGTON BOLIVAR');
Insert into "AC_Users" (ID,"txt_username","txt_apellido","txt_nombre") values ('75','mevillac','VILLACIS FLORES','MAXIMO ESTUARDO');
Insert into "AC_Users" (ID,"txt_username","txt_apellido","txt_nombre") values ('76','ovargas','VARGAS VILLAMAR','OLGA AMELIA');
Insert into "AC_Users" (ID,"txt_username","txt_apellido","txt_nombre") values ('77','acisnero','CISNEROS CALDERON','LUZ ALICIA');
Insert into "AC_Users" (ID,"txt_username","txt_apellido","txt_nombre") values ('78','aespinal','ESPINAL SANTANA','ALBERT GIOVANNY');
Insert into "AC_Users" (ID,"txt_username","txt_apellido","txt_nombre") values ('79','moholgui','HOLGUIN PESANTES','MÓNICA MARCELA');
Insert into "AC_Users" (ID,"txt_username","txt_apellido","txt_nombre") values ('80','fmoreno','MORENO SEGARRA','MARIO FRANCISCO');
Insert into "AC_Users" (ID,"txt_username","txt_apellido","txt_nombre") values ('81','gbajana','BAJAÑA JURADO','GLORIA SALOME');
Insert into "AC_Users" (ID,"txt_username","txt_apellido","txt_nombre") values ('82','gjimenez','JIMENEZ FIGUEROA','HUMBERTO GUSTAVO');
Insert into "AC_Users" (ID,"txt_username","txt_apellido","txt_nombre") values ('83','japlaza','PLAZA VARGAS','JACINTA ANNABELLE');
Insert into "AC_Users" (ID,"txt_username","txt_apellido","txt_nombre") values ('84','jnietow','NIETO WIGBY','JULIA RUTH');
Insert into "AC_Users" (ID,"txt_username","txt_apellido","txt_nombre") values ('85','julcesan','SANCAN MEDINA','JULIO CESAR');
Insert into "AC_Users" (ID,"txt_username","txt_apellido","txt_nombre") values ('86','lruiz','RUIZ VERA','LUIS FERNANDO');
Insert into "AC_Users" (ID,"txt_username","txt_apellido","txt_nombre") values ('87','ldomingu','DOMINGUEZ GRANDA','LUIS ELVIN');
Insert into "AC_Users" (ID,"txt_username","txt_apellido","txt_nombre") values ('88','mcornejo','CORNEJO MARTINEZ','MAURICIO HERIBERTO');
Insert into "AC_Users" (ID,"txt_username","txt_apellido","txt_nombre") values ('89','mmguerre','GUERRERO FALCONE','MARIA MARIETA');
Insert into "AC_Users" (ID,"txt_username","txt_apellido","txt_nombre") values ('90','vorozco','OROZCO MEDINA','VILMA DEL PILAR');
Insert into "AC_Users" (ID,"txt_username","txt_apellido","txt_nombre") values ('91','myandrad','ANDRADE GUTIERREZ','MARIBEL YADIRA');
Insert into "AC_Users" (ID,"txt_username","txt_apellido","txt_nombre") values ('92','plromero','ROMERO CRESPO','PAOLA LEONOR');
Insert into "AC_Users" (ID,"txt_username","txt_apellido","txt_nombre") values ('93','vmirand','MIRANDA VELIZ','VICTOR JOSE');
Insert into "AC_Users" (ID,"txt_username","txt_apellido","txt_nombre") values ('94','kadaleta','LETAMENDI AMAYA','KAROLINA DAYANNE');
Insert into "AC_Users" (ID,"txt_username","txt_apellido","txt_nombre") values ('95','lisuarez','SUAREZ LITARDO','LILIA AZUCENA');
Insert into "AC_Users" (ID,"txt_username","txt_apellido","txt_nombre") values ('96','aecruz','CRUZ CHULCA','ANDRES  EDUARDO');
Insert into "AC_Users" (ID,"txt_username","txt_apellido","txt_nombre") values ('97','secastro','CASTRO PÉREZ','SONIA ELENA');
Insert into "AC_Users" (ID,"txt_username","txt_apellido","txt_nombre") values ('98','ctsanche','SANCHEZ ZURITA','CAROLA TATIANA');
Insert into "AC_Users" (ID,"txt_username","txt_apellido","txt_nombre") values ('99','aherrera','HERRERA SAMANIEGO','PAUL ALEJANDRO');
Insert into "AC_Users" (ID,"txt_username","txt_apellido","txt_nombre") values ('100','cricaurt','RICAURTE QUIJANO','CARLA VALERIA');
Insert into "AC_Users" (ID,"txt_username","txt_apellido","txt_nombre") values ('101','monsalve','MONSALVE ARTEAGA','CARLOS TEODORO');
Insert into "AC_Users" (ID,"txt_username","txt_apellido","txt_nombre") values ('102','aramire','RAMIREZ MOSQUERA','ANGEL DIEGO');
Insert into "AC_Users" (ID,"txt_username","txt_apellido","txt_nombre") values ('103','malvarez','ALVAREZ GALVEZ','MARCO ALBERTO');
Insert into "AC_Users" (ID,"txt_username","txt_apellido","txt_nombre") values ('104','gvillon','VILLON VERA','GERONIMO ALBERTO');
Insert into "AC_Users" (ID,"txt_username","txt_apellido","txt_nombre") values ('105','restrada','ESTRADA PICO','REBECA LEONOR');
Insert into "AC_Users" (ID,"txt_username","txt_apellido","txt_nombre") values ('106','ivanugalde33','UGALDE PONCE','CARLOS IVAN');
Insert into "AC_Users" (ID,"txt_username","txt_apellido","txt_nombre") values ('107','glcorder','CORDERO MUÑOZ','GLAUCO RODRIGO');
Insert into "AC_Users" (ID,"txt_username","txt_apellido","txt_nombre") values ('108','agabad','ABAD ROBALINO','ANDRES GUILLERMO');
Insert into "AC_Users" (ID,"txt_username","txt_apellido","txt_nombre") values ('109','mcmarquez','MARQUEZ PINOARGOTE','MARIA CLAUDIA');
Insert into "AC_Users" (ID,"txt_username","txt_apellido","txt_nombre") values ('110','fmorante','MORANTE CARBALLO         ','FERNANDO ENRIQUE    ');
Insert into "AC_Users" (ID,"txt_username","txt_apellido","txt_nombre") values ('111','dfaytong','FAYTONG REAL','DANIELA  ESTEFANIA');
Insert into "AC_Users" (ID,"txt_username","txt_apellido","txt_nombre") values ('112','carrasco','CARRASCO RIVADENEIRA','MONICA ALEXANDRA');
Insert into "AC_Users" (ID,"txt_username","txt_apellido","txt_nombre") values ('113','dasosa','SOSA DEL CASTILLO','DAYNET');
Insert into "AC_Users" (ID,"txt_username","txt_apellido","txt_nombre") values ('114','ssonnen','SONNENHOLZNER SCHOOL','STANISLAUS ALBERT ');
Insert into "AC_Users" (ID,"txt_username","txt_apellido","txt_nombre") values ('115','kfburgos','BURGOS LOPEZ','KARLA FERNANDA');
Insert into "AC_Users" (ID,"txt_username","txt_apellido","txt_nombre") values ('116','majopino','PINO RODRIGUEZ','MARIA JOSE');
Insert into "AC_Users" (ID,"txt_username","txt_apellido","txt_nombre") values ('117','gabagarc','GARCIA MACAS','GABRIEL ARMANDO');
Insert into "AC_Users" (ID,"txt_username","txt_apellido","txt_nombre") values ('118','pcornejo','CORNEJO RODRIGUEZ','MARIA DEL PILAR');
Insert into "AC_Users" (ID,"txt_username","txt_apellido","txt_nombre") values ('119','jhidalgo','HIDALGO VILLACRES','JUAN PABLO');
Insert into "AC_Users" (ID,"txt_username","txt_apellido","txt_nombre") values ('120','mjaramil','JARAMILLO MONTERO','LEYSI MAGALI');
Insert into "AC_Users" (ID,"txt_username","txt_apellido","txt_nombre") values ('121','migutier','GUTIERREZ LINO','MABEL IRENE');
Insert into "AC_Users" (ID,"txt_username","txt_apellido","txt_nombre") values ('122','iperalta','PERALTA BRAVO','ILEANA MONSERRATE');
Insert into "AC_Users" (ID,"txt_username","txt_apellido","txt_nombre") values ('123','cemoreir','MOREIRA VALENZUELA','CESAR MIGUEL');
Insert into "AC_Users" (ID,"txt_username","txt_apellido","txt_nombre") values ('124','dgnoboa','NOBOA MACIAS','DALTON GEOVANNY');
Insert into "AC_Users" (ID,"txt_username","txt_apellido","txt_nombre") values ('125','iarriaga','ARRIAGA JIMENEZ','INGRID CECILIA');
Insert into "AC_Users" (ID,"txt_username","txt_apellido","txt_nombre") values ('126','kfsalaza','SALAZAR ALVEAR','KARLA FERMINA');
Insert into "AC_Users" (ID,"txt_username","txt_apellido","txt_nombre") values ('127','carlitor','TORRES CHONILLO','CAROLINA LISSETTE');
Insert into "AC_Users" (ID,"txt_username","txt_apellido","txt_nombre") values ('128','jpelay','PELAY FAJARDO','JOHANNA CAROLINA');
Insert into "AC_Users" (ID,"txt_username","txt_apellido","txt_nombre") values ('129','ffruiz','RUIZ CHANG','FRANCISCO FABIÁN');
Insert into "AC_Users" (ID,"txt_username","txt_apellido","txt_nombre") values ('130','kbtapia','TAPIA FIGUEROA','KARINA BETHSABE');
Insert into "AC_Users" (ID,"txt_username","txt_apellido","txt_nombre") values ('131','irosales','ROSALES VELIZ','INGRID MARICELA');
Insert into "AC_Users" (ID,"txt_username","txt_apellido","txt_nombre") values ('132','krosado','ROSADO CASTRO','KENYA VERONICA');
Insert into "AC_Users" (ID,"txt_username","txt_apellido","txt_nombre") values ('133','etmendoz','MENDOZA CARRILLO','ERIKA TERESA');
Insert into "AC_Users" (ID,"txt_username","txt_apellido","txt_nombre") values ('134','aarmijos','ARMIJOS SALAZAR','ANA ISABEL');
Insert into "AC_Users" (ID,"txt_username","txt_apellido","txt_nombre") values ('135','gbarambu','ARAMBULO CASTRO','GABRIELA BEATRIZ');
Insert into "AC_Users" (ID,"txt_username","txt_apellido","txt_nombre") values ('136','xordonez','ORDOÑEZ URGILES','MILTON XAVIER');
Insert into "AC_Users" (ID,"txt_username","txt_apellido","txt_nombre") values ('137','xgomez','GOMEZ FLORENCIA','MARIELENA');
Insert into "AC_Users" (ID,"txt_username","txt_apellido","txt_nombre") values ('138','sgaleas','GALEAS RODAS','SABRINA JOHANNA');
Insert into "AC_Users" (ID,"txt_username","txt_apellido","txt_nombre") values ('139','dsmacias','MACIAS MOLINA','DEYSI SUSANA');
Insert into "AC_Users" (ID,"txt_username","txt_apellido","txt_nombre") values ('140','kdgomez','GÓMEZ LEÓN','KATHERINE DEL PILAR');
Insert into "AC_Users" (ID,"txt_username","txt_apellido","txt_nombre") values ('141','cmazzini','MAZZINI CHAGUAY','CORINA ALEXANDRA');
Insert into "AC_Users" (ID,"txt_username","txt_apellido","txt_nombre") values ('142','atapia','TAPIA ROSERO','ANA TERESA');
Insert into "AC_Users" (ID,"txt_username","txt_apellido","txt_nombre") values ('143','tcmarin','MARÍN ORTIZ','THALIA CATALINA');
Insert into "AC_Users" (ID,"txt_username","txt_apellido","txt_nombre") values ('144','krosero','ROSERO BARZOLA','KATHERINE VERONICA');
Insert into "AC_Users" (ID,"txt_username","txt_apellido","txt_nombre") values ('145','fveloz','VELOZ DE LA TORRE','FREDDY RONALD');
Insert into "AC_Users" (ID,"txt_username","txt_apellido","txt_nombre") values ('146','smendez@espol.edu.ec','MENDEZ PRADO','SILVIA MARIELA');
Insert into "AC_Users" (ID,"txt_username","txt_apellido","txt_nombre") values ('147','tbonilla','BONILLA CHUQUIMARCA','TANIA ELIZABETH');
Insert into "AC_Users" (ID,"txt_username","txt_apellido","txt_nombre") values ('148','dccamino','CAMINO OBREGON','DIANA DEL CARMEN');
Insert into "AC_Users" (ID,"txt_username","txt_apellido","txt_nombre") values ('149','mbaez','BAEZ MEZA','MARCELO RAFAEL');
Insert into "AC_Users" (ID,"txt_username","txt_apellido","txt_nombre") values ('150','gmcruz','CRUZ GONZABAY','GREGORIO MANUEL');
Insert into "AC_Users" (ID,"txt_username","txt_apellido","txt_nombre") values ('151','maraujo','ARAUJO HERNANDEZ','ELSA MERCY');
Insert into "AC_Users" (ID,"txt_username","txt_apellido","txt_nombre") values ('152','tsolano','SOLANO VILLEGAS','TERESITA MAGALY');
Insert into "AC_Users" (ID,"txt_username","txt_apellido","txt_nombre") values ('153','dcardena','CÁRDENAS COSTA','DIANA MARÍA');
Insert into "AC_Users" (ID,"txt_username","txt_apellido","txt_nombre") values ('154','bbcabani','CABANILLA SANCHEZ','BIANKA BEATRIZ');
Insert into "AC_Users" (ID,"txt_username","txt_apellido","txt_nombre") values ('155','jivera','VERA AGUIRRE','JOSSELIN IVETTE');
Insert into "AC_Users" (ID,"txt_username","txt_apellido","txt_nombre") values ('156','rcmoncay','MONCAYO MONCADA','RICARDO CHRISTIAN');
Insert into "AC_Users" (ID,"txt_username","txt_apellido","txt_nombre") values ('157','jecamore','MOREIRA LOPEZ','JEAN CARLOS');
Insert into "AC_Users" (ID,"txt_username","txt_apellido","txt_nombre") values ('158','mefuente','FUENTES PEÑAHERRERA','MIGUEL EGBERTO');
Insert into "AC_Users" (ID,"txt_username","txt_apellido","txt_nombre") values ('159','jemacepe','CEPEDA SAAVEDRA','JENNY MARINA');
Insert into "AC_Users" (ID,"txt_username","txt_apellido","txt_nombre") values ('160','jomusemi','MUÑOZ SEMINARIO','JOSE ANTONIO');
Insert into "AC_Users" (ID,"txt_username","txt_apellido","txt_nombre") values ('161','cjmatute','MATUTE CARPIO','CLAUDIA JEANNET');
Insert into "AC_Users" (ID,"txt_username","txt_apellido","txt_nombre") values ('162','cfplaza','PLAZA TOALA','CARLOS FERDINAND');
Insert into "AC_Users" (ID,"txt_username","txt_apellido","txt_nombre") values ('163','cxvera','VERA ALCIVAR','CHRISTIAN');
Insert into "AC_Users" (ID,"txt_username","txt_apellido","txt_nombre") values ('164','dalksanc','SANCHEZ CABEZAS','DALIA KATHERINE');
Insert into "AC_Users" (ID,"txt_username","txt_apellido","txt_nombre") values ('165','acastelo','CASTELO CHAPALBAY','ADRIANA EUGENIA');
Insert into "AC_Users" (ID,"txt_username","txt_apellido","txt_nombre") values ('166','meromero','ROMERO MONTOYA','MARIA ELENA');
Insert into "AC_Users" (ID,"txt_username","txt_apellido","txt_nombre") values ('167','mvvelasc','VELASCO CHIRIBOGA','MILTON VLADIMIR');
Insert into "AC_Users" (ID,"txt_username","txt_apellido","txt_nombre") values ('168','gmmirand','MIRANDA NOGALES','GISSELE MARIE');
Insert into "AC_Users" (ID,"txt_username","txt_apellido","txt_nombre") values ('169','jerumore','MOREIRA ARBOLEDA','JERRY ULSINGTON');
Insert into "AC_Users" (ID,"txt_username","txt_apellido","txt_nombre") values ('170','acastrod','CASTRO DE LA TORRE','ALFREDO ISAAC');
Insert into "AC_Users" (ID,"txt_username","txt_apellido","txt_nombre") values ('171','bllopez','LOPEZ PORTALANZA','BYRON LUIS');
Insert into "AC_Users" (ID,"txt_username","txt_apellido","txt_nombre") values ('172','cesalced','SALCEDO FAYTONG','CAROLINA ESTEFANIA');
Insert into "AC_Users" (ID,"txt_username","txt_apellido","txt_nombre") values ('173','mjrodri','RODRIGUEZ RAMIREZ','MARTHA JUDITH');
Insert into "AC_Users" (ID,"txt_username","txt_apellido","txt_nombre") values ('174','gcjara','JARAMILLO ALVAREZ','GLENDA CAROLINA');
Insert into "AC_Users" (ID,"txt_username","txt_apellido","txt_nombre") values ('175','gcuzco','CUZCO PINA','GLORIA AZUCENA');
Insert into "AC_Users" (ID,"txt_username","txt_apellido","txt_nombre") values ('176','maralsan','SANCHEZ ALAY','MARÍA ALEXANDRA');
Insert into "AC_Users" (ID,"txt_username","txt_apellido","txt_nombre") values ('177','mycampov','CAMPOVERDE RODRIGUEZ','MARTHA YOLANDA');
Insert into "AC_Users" (ID,"txt_username","txt_apellido","txt_nombre") values ('178','groldos','ROLDOS AROSEMENA','GALO XAVIER');
Insert into "AC_Users" (ID,"txt_username","txt_apellido","txt_nombre") values ('179','cbronqui','RONQUILLO NOBOA','CARLOS BOLIVAR');
Insert into "AC_Users" (ID,"txt_username","txt_apellido","txt_nombre") values ('180','myrobali','ROBALINO SANCAN','MONICA YESENIA');
Insert into "AC_Users" (ID,"txt_username","txt_apellido","txt_nombre") values ('181','jacacere','CACERES ZAMBRANO','JULIO ALBERTO');
Insert into "AC_Users" (ID,"txt_username","txt_apellido","txt_nombre") values ('182','memosque','MOSQUERA HERMENEJILDO','MARGARITA ELVIA');
Insert into "AC_Users" (ID,"txt_username","txt_apellido","txt_nombre") values ('183','ksalvado','SALVADOR CISNEROS','KATHERINE ANABELLE');
Insert into "AC_Users" (ID,"txt_username","txt_apellido","txt_nombre") values ('184','jabad','ABAD MORAN               ','JORGE FERNANDO      ');
Insert into "AC_Users" (ID,"txt_username","txt_apellido","txt_nombre") values ('185','gabcastro','CASTRO MAYORGA','GABRIELA LORENA');
Insert into "AC_Users" (ID,"txt_username","txt_apellido","txt_nombre") values ('186','fxbaque','BAQUE PEREZ','FERNANDO XAVIER');
Insert into "AC_Users" (ID,"txt_username","txt_apellido","txt_nombre") values ('187','jrodrig','RODRIGUEZ ROJAS','JOSE FRANCISCO');
Insert into "AC_Users" (ID,"txt_username","txt_apellido","txt_nombre") values ('188','nrponce','PONCE LOOR','NURY DEL ROCIO');
Insert into "AC_Users" (ID,"txt_username","txt_apellido","txt_nombre") values ('189','betcruz','CRUZ VINUEZA','BETSY TANNYA');
REM INSERTING into "AC_ValorModificado"
SET DEFINE OFF;
REM INSERTING into "AC_Vencimientos"
SET DEFINE OFF;
Insert into "AC_Vencimientos" (ID,"txt_nombreSeccion","txt_nombreTipo","dt_fechaVencimiento","qn_diasAnticipacion","qn_frecuenciaAnticipacion","dt_fechaUltimoCambio","contratoID") values ('1','GARANTIA','21',to_timestamp('23/02/20 00:00:00,000000000','DD/MM/RR HH24:MI:SSXFF'),'30','5',to_timestamp('18/02/20 00:00:00,000000000','DD/MM/RR HH24:MI:SSXFF'),'2');
Insert into "AC_Vencimientos" (ID,"txt_nombreSeccion","txt_nombreTipo","dt_fechaVencimiento","qn_diasAnticipacion","qn_frecuenciaAnticipacion","dt_fechaUltimoCambio","contratoID") values ('2','GARANTIA','21',to_timestamp('22/02/20 00:00:00,000000000','DD/MM/RR HH24:MI:SSXFF'),'30','5',to_timestamp('19/02/20 00:00:00,000000000','DD/MM/RR HH24:MI:SSXFF'),'2');
Insert into "AC_Vencimientos" (ID,"txt_nombreSeccion","txt_nombreTipo","dt_fechaVencimiento","qn_diasAnticipacion","qn_frecuenciaAnticipacion","dt_fechaUltimoCambio","contratoID") values ('3','GARANTIA','22',to_timestamp('23/02/20 00:00:00,000000000','DD/MM/RR HH24:MI:SSXFF'),'30','5',to_timestamp('19/02/20 00:00:00,000000000','DD/MM/RR HH24:MI:SSXFF'),'2');
Insert into "AC_Vencimientos" (ID,"txt_nombreSeccion","txt_nombreTipo","dt_fechaVencimiento","qn_diasAnticipacion","qn_frecuenciaAnticipacion","dt_fechaUltimoCambio","contratoID") values ('21','GARANTIA','21',to_timestamp('23/02/20 00:00:00,000000000','DD/MM/RR HH24:MI:SSXFF'),'30','5',to_timestamp('28/02/20 00:00:00,000000000','DD/MM/RR HH24:MI:SSXFF'),'104');
